<?xml version="1.0" encoding="UTF-8" standalone="yes"?>
<manifest>
  <control namespace="MultiSelectCheckBoxList" constructor="MultiSelectCheckBoxList" version="0.0.3" display-name-key="MultiSelectCheckBoxList" description-key="MultiSelectCheckBoxList description" control-type="standard" api-version="1.3.15">
    <external-service-usage enabled="false"/>
    <property name="multiSelectJsonValues" display-name-key="Multi Select JSON Values" description-key="Selected values in JSON format" of-type="SingleLine.Text" usage="bound"/>
    <property name="relatedEntityName" display-name-key="Related Entity Logical Name" description-key="Related entity Name" usage="input" of-type="SingleLine.Text" required="true"/>
    <property name="relatedEntityIdColumn" display-name-key="Related Entity Id Column" description-key="Related Entity Id Column" usage="input" of-type="SingleLine.Text" required="true"/>
    <property name="relatedEntityNameColumn" display-name-key="Related Entity Name Column" description-key="Name column should be primaycolumn(name)" usage="input" of-type="SingleLine.Text" required="true"/>
    <property name="relatedEntitySearchColumn1" display-name-key="related Entity Search Column1" description-key="related Entity Search Column1" usage="input" of-type="SingleLine.Text" required="true"/>
    <property name="OptionsPlaceHolder" display-name-key="Field: Options Place Holder" description-key="Options Place Holder" usage="input" of-type="SingleLine.Text" required="true"/>
    <resources>
      <code path="bundle.js" order="1"/>
      <css path="css/fontawesome.css" order="1"/>
      <css path="css/MultiSelectCheckBoxList.css" order="1"/>
    </resources>
    <feature-usage>
      <uses-feature name="Utility" required="true"/>
      <uses-feature name="WebAPI" required="true"/>
    </feature-usage>
    <built-by name="pac" version="1.34.3"/>
  </control>
</manifest>